date, pm25, pm10, o3, no2, so2, co,AQI,index
12/31/2020,38,12,18,15,1,4,38,Good
12/30/2020,37,10,19,13,1,4,37,Good
12/29/2020,26,12,14,13,1,4,26,Good
12/28/2020,32,9,21,13,1,4,32,Good
12/27/2020,28,10,19,10,1,4,28,Good
12/26/2020,43,9,17,14,1,4,43,Good
12/25/2020,50,13,23,11,1,4,50,Good
12/24/2020,33,12,9,19,1,4,33,Good
12/23/2020,52,8,16,9,1,3,52,Moderate
12/22/2020,43,13,4,17,1,4,43,Good
12/21/2020,52,10,19,15,1,4,52,Moderate
12/20/2020,27,18,6,19,2,4,27,Good
12/19/2020,23,6,17,11,1,3,23,Good
12/18/2020,24,10,33,1,2,2,33,Good
12/17/2020,83,10,34,1,1,2,83,Moderate
12/16/2020,87,32,42,4,2,3,87,Moderate
12/15/2020,79,38,31,10,1,3,79,Moderate
12/14/2020,77,39,27,16,2,3,77,Moderate
12/13/2020,54,38,22,15,3,3,54,Moderate
12/12/2020,48,24,21,14,3,2,48,Good
12/11/2020,26,17,26,6,2,2,26,Good
12/10/2020,24,12,30,4,1,2,30,Good
12/9/2020,27,9,28,5,1,2,28,Good
12/8/2020,16,12,27,11,1,2,27,Good
12/7/2020,18,8,24,10,1,2,24,Good
12/6/2020,21,10,28,7,1,2,28,Good
12/5/2020,15,10,27,9,1,2,27,Good
12/4/2020,28,6,32,5,1,2,32,Good
12/3/2020,18,9,27,10,1,2,27,Good
12/2/2020,19,8,27,9,1,2,27,Good
12/1/2020,15,10,29,6,1,3,29,Good
11/30/2020,9,7,31,10,1,3,31,Good
11/29/2020,22,3,26,8,1,3,26,Good
11/28/2020,14,9,25,12,2,3,25,Good
11/27/2020,32,6,31,5,2,2,32,Good
11/26/2020,63,14,31,9,2,2,63,Moderate
11/25/2020,49,25,24,20,2,3,49,Good
11/24/2020,51,20,26,16,2,2,51,Moderate
11/23/2020,47,17,22,14,2,2,47,Good
11/22/2020,25,13,19,17,1,2,25,Good
11/21/2020,22,9,29,7,1,1,29,Good
11/20/2020,37,6,28,7,1,1,37,Good
11/19/2020,26,10,22,20,2,2,26,Good
11/18/2020,22,8,28,12,1,1,28,Good
11/17/2020,24,8,26,12,1,3,26,Good
11/16/2020,28,6,28,15,1,4,28,Good
11/15/2020,20,7,25,12,1,4,25,Good
11/14/2020,21,7,29,8,2,3,29,Good
11/13/2020,31,8,32,5,2,3,32,Good
11/12/2020,20,10,27,8,2,3,27,Good
11/11/2020,36,6,31,8,1,3,36,Good
11/10/2020,27,11,27,13,1,3,27,Good
11/9/2020,30,10,25,10,2,3,30,Good
11/8/2020,56,12,16,22,1,5,56,Moderate
11/7/2020,60,17,15,26,1,5,60,Moderate
11/6/2020,39,22,12,21,3,5,39,Good
11/5/2020,36,13,30,12,2,3,36,Good
11/4/2020,40,12,29,9,1,4,40,Good
11/3/2020,36,13,24,12,3,4,36,Good
11/2/2020,28,12,29,5,3,3,29,Good
11/1/2020,36,8,25,8,2,3,36,Good
10/31/2020,36,11,28,14,2,4,36,Good
10/30/2020,30,12,27,11,2,4,30,Good
10/29/2020,41,11,25,13,2,4,41,Good
10/28/2020,54,14,17,22,3,4,54,Moderate
10/27/2020,61,15,15,15,2,4,61,Moderate
10/26/2020,34,16,15,14,3,4,34,Good
10/24/2020,47,8,23,11,2,4,47,Good
10/23/2020,52,12,22,15,2,4,52,Moderate
10/22/2020,40,12,19,16,2,4,40,Good
10/21/2020,45,12,19,15,2,3,45,Good
10/20/2020,44,14,24,16,2,4,44,Good
10/19/2020,31,13,18,14,2,3,31,Good
10/18/2020,33,10,25,10,2,3,33,Good
10/17/2020,40,10,21,15,2,4,40,Good
10/16/2020,32,13,29,15,3,3,32,Good
10/15/2020,33,11,22,14,2,4,33,Good
10/14/2020,37,9,28,14,2,2,37,Good
10/13/2020,37,10,27,17,2,1,37,Good
10/12/2020,24,9,21,14,2,2,24,Good
10/11/2020,40,6,29,6,2,1,40,Good
10/10/2020,32,11,24,18,2,1,32,Good
10/9/2020,52,10,25,15,2,1,52,Moderate
10/8/2020,38,22,22,18,2,2,38,Good
10/7/2020,36,14,23,11,2,1,36,Good
10/6/2020,40,11,27,9,2,1,40,Good
10/5/2020,33,10,22,9,2,2,33,Good
10/4/2020,41,9,27,10,2,1,41,Good
10/3/2020,45,12,23,10,2,1,45,Good
10/2/2020,85,12,24,10,2,1,85,Moderate
10/1/2020,16,8,22,6,2,3,22,Good
9/30/2020,10,7,16,6,1,4,16,Good
9/29/2020,11,4,17,4,1,3,17,Good
9/28/2020,20,5,22,2,2,3,22,Good
9/27/2020,63,7,20,4,1,3,63,Moderate
9/26/2020,48,25,43,10,2,4,48,Good
9/25/2020,50,21,58,6,1,3,58,Moderate
9/24/2020,22,24,77,10,1,3,77,Moderate
9/23/2020,27,12,34,7,2,3,34,Good
9/22/2020,19,14,26,5,1,3,26,Good
9/21/2020,17,9,23,3,1,3,23,Good
9/20/2020,26,7,26,4,1,2,26,Good
9/19/2020,35,9,20,7,1,3,35,Good
9/18/2020,53,10,27,5,2,3,53,Moderate
9/17/2020,52,16,32,6,1,3,52,Moderate
9/16/2020,57,16,34,5,1,3,57,Moderate
9/15/2020,37,20,37,6,2,3,37,Good
9/14/2020,43,11,39,4,1,3,43,Good
9/13/2020,16,12,38,4,1,3,38,Good
9/12/2020,26,5,28,3,1,3,28,Good
9/11/2020,46,8,30,3,1,3,46,Good
9/10/2020,43,14,23,9,1,3,43,Good
9/9/2020,24,18,26,10,2,3,26,Good
9/8/2020,12,10,25,4,1,3,25,Good
9/7/2020,9,4,22,3,1,3,22,Good
9/6/2020,8,5,23,4,2,3,23,Good
9/5/2020,14,5,22,5,1,3,22,Good
9/4/2020,15,6,22,7,1,3,22,Good
9/3/2020,14,6,27,4,2,3,27,Good
9/2/2020,19,10,39,4,1,2,39,Good
9/1/2020,28,10,36,3,1,2,36,Good
8/31/2020,31,10,45,2,1,3,45,Good
8/30/2020,26,12,41,4,1,2,41,Good
8/29/2020,37,16,32,7,2,3,37,Good
8/28/2020,23,18,38,6,1,3,38,Good
8/27/2020,19,10,30,3,1,2,30,Good
8/26/2020,25,7,27,4,1,3,27,Good
8/25/2020,30,9,39,4,1,3,39,Good
8/24/2020,23,10,27,4,1,3,27,Good
8/23/2020,41,12,30,2,1,3,41,Good
8/22/2020,25,24,34,3,1,3,34,Good
8/21/2020,35,11,39,6,1,3,39,Good
8/20/2020,18,15,44,6,1,3,44,Good
8/19/2020,23,7,25,4,0,3,25,Good
8/18/2020,20,11,29,6,0,3,29,Good
8/17/2020,14,8,33,3,0,3,33,Good
8/16/2020,13,5,33,4,0,3,33,Good
8/15/2020,18,7,34,4,0,2,34,Good
8/14/2020,13,8,33,6,0,2,33,Good
8/13/2020,19,6,29,2,0,2,29,Good
8/12/2020,17,8,30,6,0,3,30,Good
8/11/2020,25,8,30,5,1,1,30,Good
8/10/2020,38,11,32,1,1,2,38,Good
8/9/2020,23,13,41,4,1,1,41,Good
8/8/2020,50,8,32,4,1,1,50,Good
8/7/2020,37,23,44,12,1,2,44,Good
8/6/2020,22,15,34,8,1,6,34,Good
8/5/2020,39,9,32,6,1,3,39,Good
8/4/2020,39,12,28,5,1,2,39,Good
8/3/2020,14,11,31,5,1,2,31,Good
8/2/2020,14,5,32,3,1,1,32,Good
8/1/2020,19,5,30,6,1,1,30,Good
7/31/2020,32,9,27,7,1,1,32,Good
7/30/2020,19,11,24,7,1,1,24,Good
7/29/2020,9,8,30,2,1,2,30,Good
7/28/2020,74,5,33,1,1,1,74,Moderate
7/27/2020,63,29,51,3,1,5,63,Moderate
7/26/2020,42,22,36,5,1,4,42,Good
7/25/2020,40,15,41,3,1,4,41,Good
7/24/2020,44,16,37,3,1,4,44,Good
7/23/2020,34,20,41,2,1,4,41,Good
7/22/2020,22,16,38,2,1,4,38,Good
7/21/2020,22,12,36,2,0,4,36,Good
7/20/2020,24,10,38,2,0,4,38,Good
7/19/2020,27,10,32,2,0,4,32,Good
7/18/2020,54,12,34,3,1,4,54,Moderate
7/17/2020,45,20,42,5,1,4,45,Good
7/16/2020,43,16,37,7,1,4,43,Good
7/15/2020,28,17,32,6,0,4,32,Good
7/14/2020,42,12,35,1,1,3,42,Good
7/13/2020,55,13,31,4,1,4,55,Moderate
7/12/2020,78,20,38,8,1,4,78,Moderate
7/11/2020,28,31,35,8,1,3,35,Good
7/10/2020,43,10,28,4,1,3,43,Good
7/9/2020,44,19,39,11,1,4,44,Good
7/8/2020,24,19,33,12,1,4,33,Good
7/7/2020,46,10,30,6,1,4,46,Good
7/6/2020,29,18,35,6,1,3,35,Good
7/5/2020,24,10,32,6,1,3,32,Good
7/4/2020,19,9,30,7,1,4,30,Good
7/3/2020,22,9,32,6,1,4,32,Good
7/2/2020,40,11,19,14,1,3,40,Good
7/1/2020,39,17,8,19,1,3,39,Good
6/30/2020,38,13,19,12,1,2,38,Good
6/29/2020,32,13,16,14,1,3,32,Good
6/28/2020,20,14,25,6,1,2,25,Good
6/27/2020,12,10,23,4,1,1,23,Good
6/26/2020,21,6,24,4,1,2,24,Good
6/25/2020,35,7,27,8,1,3,35,Good
6/24/2020,59,13,27,7,1,3,59,Moderate
6/23/2020,49,26,34,11,1,3,49,Good
6/22/2020,18,20,28,11,1,3,28,Good
6/21/2020,19,7,24,2,1,2,24,Good
6/20/2020,28,9,28,1,1,2,28,Good
6/19/2020,36,13,27,5,1,2,36,Good
6/18/2020,49,17,24,5,1,2,49,Good
6/17/2020,59,20,27,3,1,3,59,Moderate
6/16/2020,30,28,34,21,1,5,34,Good
6/15/2020,22,14,23,16,1,4,23,Good
6/14/2020,27,9,22,3,1,3,27,Good
6/13/2020,32,12,24,4,1,2,32,Good
6/12/2020,30,14,20,8,1,2,30,Good
6/11/2020,17,14,20,11,0,2,20,Good
6/10/2020,17,9,23,4,0,2,23,Good
6/9/2020,25,7,12,7,0,3,25,Good
6/8/2020,20,9,15,9,0,2,20,Good
6/7/2020,22,8,20,5,0,2,22,Good
6/6/2020,26,10,21,5,0,2,26,Good
6/5/2020,22,12,25,6,0,2,25,Good
6/4/2020,51,9,21,5,1,3,51,Moderate
6/3/2020,59,23,25,16,1,4,59,Moderate
6/2/2020,31,23,28,16,1,3,31,Good
6/1/2020,18,10,26,11,1,2,26,Good
5/31/2020,14,8,24,6,0,1,24,Good
5/30/2020,14,7,21,3,0,1,21,Good
5/29/2020,36,6,21,4,0,2,36,Good
5/28/2020,15,16,13,15,0,2,16,Good
5/27/2020,13,6,21,8,0,2,21,Good
5/26/2020,15,5,17,7,0,2,17,Good
5/25/2020,15,6,26,5,0,1,26,Good
5/24/2020,14,6,22,4,0,2,22,Good
5/23/2020,18,6,22,4,0,2,22,Good
5/22/2020,27,9,23,5,0,2,27,Good
5/21/2020,31,14,26,7,0,1,31,Good
5/20/2020,24,15,12,10,0,3,24,Good
5/19/2020,25,10,20,11,0,2,25,Good
5/18/2020,29,9,22,9,0,2,29,Good
5/17/2020,24,9,21,3,0,2,24,Good
5/16/2020,21,8,35,3,0,2,35,Good
5/15/2020,38,7,34,5,1,2,38,Good
5/14/2020,72,11,33,4,1,2,72,Moderate
5/13/2020,60,30,54,6,1,2,60,Moderate
5/12/2020,43,25,52,5,1,2,52,Moderate
5/11/2020,34,20,35,4,1,1,35,Good
5/10/2020,14,14,24,1,0,1,24,Good
5/9/2020,22,7,25,2,0,1,25,Good
5/8/2020,16,11,19,8,0,2,19,Good
5/7/2020,13,7,15,8,0,2,15,Good
5/6/2020,16,7,16,6,0,2,16,Good
5/5/2020,10,8,18,9,0,1,18,Good
5/4/2020,13,5,22,4,0,1,22,Good
5/3/2020,17,5,22,2,0,1,22,Good
5/2/2020,40,6,21,3,0,1,40,Good
5/1/2020,35,24,56,11,0,2,56,Moderate
4/30/2020,16,15,21,15,0,2,21,Good
4/29/2020,12,8,22,4,0,1,22,Good
4/28/2020,15,7,20,3,0,1,20,Good
4/27/2020,13,7,24,6,0,2,24,Good
4/26/2020,10,7,15,3,0,1,15,Good
4/25/2020,17,5,15,4,0,2,17,Good
4/24/2020,17,7,25,5,0,1,25,Good
4/23/2020,27,8,15,6,0,2,27,Good
4/22/2020,18,12,18,8,0,1,18,Good
4/21/2020,14,9,21,7,0,1,21,Good
4/20/2020,16,7,21,4,0,2,21,Good
4/19/2020,15,7,24,2,0,1,24,Good
4/18/2020,19,5,21,4,0,2,21,Good
4/17/2020,8,10,11,6,1,2,11,Good
4/16/2020,9,5,17,4,1,2,17,Good
4/15/2020,10,5,16,6,1,2,16,Good
4/14/2020,13,5,20,4,1,2,20,Good
4/13/2020,12,7,17,7,1,2,17,Good
4/12/2020,9,5,31,4,1,2,31,Good
4/11/2020,10,4,21,3,1,1,21,Good
4/10/2020,7,4,18,6,1,2,18,Good
4/9/2020,24,3,19,5,1,2,24,Good
4/8/2020,15,8,21,6,1,2,21,Good
4/7/2020,13,7,16,8,1,2,16,Good
4/6/2020,14,7,22,5,1,2,22,Good
4/5/2020,9,7,23,2,1,2,23,Good
4/4/2020,9,3,13,3,1,2,13,Good
4/3/2020,11,5,18,4,1,2,18,Good
4/2/2020,21,4,17,6,1,3,21,Good
4/1/2020,18,6,20,4,1,5,20,Good
3/31/2020,14,6,20,4,1,5,20,Good
3/29/2020,42,5,18,7,1,5,42,Good
3/28/2020,53,11,17,5,1,6,53,Moderate
3/27/2020,36,14,13,14,1,7,36,Good
3/26/2020,39,11,17,13,1,7,39,Good
3/25/2020,50,11,20,9,1,6,50,Good
3/24/2020,21,15,14,12,1,7,21,Good
3/23/2020,28,8,30,9,1,7,30,Good
3/22/2020,24,10,29,4,1,6,29,Good
3/21/2020,11,10,24,8,1,6,24,Good
3/20/2020,52,5,25,6,1,4,52,Moderate
3/19/2020,49,16,24,7,1,6,49,Good
3/18/2020,40,17,14,23,1,7,40,Good
3/17/2020,17,13,17,21,2,7,21,Good
3/16/2020,13,6,25,7,1,4,25,Good
3/15/2020,16,6,23,9,1,4,23,Good
3/14/2020,27,7,18,10,1,4,27,Good
3/13/2020,39,11,19,15,1,5,39,Good
3/12/2020,41,14,14,19,1,5,41,Good
3/11/2020,32,16,10,22,2,5,32,Good
3/10/2020,43,11,23,12,1,4,43,Good
3/9/2020,49,12,11,16,2,4,49,Good
3/8/2020,55,13,16,10,1,4,55,Moderate
3/7/2020,52,16,7,16,1,5,52,Moderate
3/6/2020,37,19,5,17,2,5,37,Good
3/5/2020,43,15,11,18,1,5,43,Good
3/4/2020,47,12,6,19,1,5,47,Good
3/3/2020,32,13,12,14,1,5,32,Good
3/2/2020,24,10,14,10,1,4,24,Good
3/1/2020,20,9,15,13,1,4,20,Good
2/29/2020,30,6,19,14,1,4,30,Good
2/28/2020,51,11,17,15,1,3,51,Moderate
2/27/2020,23,19,17,18,1,5,23,Good
2/26/2020,57,12,23,14,1,3,57,Moderate
2/25/2020,95,18,20,9,1,5,95,Moderate
2/24/2020,87,35,2,13,1,5,87,Moderate
2/23/2020,59,35,5,17,2,7,59,Moderate
2/22/2020,58,26,10,25,6,6,58,Moderate
2/21/2020,43,19,8,21,5,6,43,Good
2/20/2020,30,14,17,17,7,5,30,Good
2/19/2020,43,11,25,11,1,3,43,Good
2/18/2020,32,13,21,14,1,4,32,Good
2/17/2020,29,13,22,10,1,4,29,Good
2/16/2020,46,11,28,6,1,3,46,Good
2/15/2020,34,18,17,20,1,4,34,Good
2/14/2020,20,12,26,12,1,4,26,Good
2/13/2020,17,9,28,6,1,3,28,Good
2/12/2020,27,7,24,7,1,3,27,Good
2/11/2020,29,11,25,12,1,3,29,Good
2/10/2020,39,10,28,5,1,3,39,Good
2/9/2020,26,14,24,11,1,3,26,Good
2/8/2020,27,12,23,13,1,4,27,Good
2/7/2020,47,11,25,11,1,4,47,Good
2/6/2020,74,17,11,16,3,4,74,Moderate
2/5/2020,108,28,7,18,1,4,108,Unhealthy for Sensitive Groups
2/4/2020,111,41,1,16,1,6,111,Unhealthy for Sensitive Groups
2/3/2020,133,41, ,13,1,6,133,Unhealthy for Sensitive Groups
2/2/2020,153,51, ,18,1,5,153,Unhealthy
2/1/2020,72,61, ,19,1,6,72,Moderate
1/31/2020,38,26, ,14,1,4,38,Good
1/30/2020,20,16,16,18,1,4,20,Good
1/29/2020,16,9,25,13,1,3,25,Good
1/28/2020,35,7,27,7,0,3,35,Good
1/27/2020,40,14,28,5,1,3,40,Good
1/26/2020,22,12,23,10,1,4,22,Good
1/25/2020,28,8,25,15,1,4,28,Good
1/24/2020,24,11,21,14,1,3,24,Good
1/23/2020,24,10,20,10,1,3,24,Good
1/22/2020,19,11,19,13,1,3,19,Good
1/21/2020,17,9,20,12,0,2,20,Good
1/20/2020,28,7,24,8,0,2,28,Good
1/19/2020,29,12,18,13,1,3,29,Good
1/18/2020,27,13,16,18,1,4,27,Good
1/17/2020,56,11,19,9,1,3,56,Moderate
1/16/2020,52,24,14,16,1,4,52,Moderate
1/15/2020,62,21,15,15,1,3,62,Moderate
1/14/2020,35,25,10,20,1,3,35,Good
1/13/2020,21,12,24,11,1,3,24,Good
1/12/2020,20,8,22,7,1,2,22,Good
1/11/2020,21,9,21,9,1,2,21,Good
1/10/2020,31,8,22,8,1,2,31,Good
1/9/2020,20,10,24,6,1,2,24,Good
1/8/2020,36,7,20,8,1,2,36,Good
1/7/2020,16,11,18,14,1,2,18,Good
1/6/2020,13,5,19,6,1,2,19,Good
1/5/2020,20,5,24,8,1,2,24,Good
1/4/2020,19,8,22,10,1,2,19,Good
1/3/2020,19,7,18,10,1,2,19,Good
1/2/2020,21,9,24,8,1,2,24,Good
1/1/2020,14,8,19,10,1,2,19,Good
